latitude,longitude,rating,reviews
36.099337,-115.3000631,4.0,16
33.680405,-112.081124,3.0,51
43.7339919,-79.4194528,3.5,18
43.6991923,-79.4332804,5.0,9
36.1578718,-115.3129411,3.0,4
41.633151,-81.438763,3.5,3
36.175,-115.136389,2.5,4
55.9421407,-3.1838577,3.5,27
33.5414937536,-111.925131027,3.5,152
36.0710177,-115.0839764,2.5,7
40.4282725,-79.9758209,4.5,11
36.137969158,-115.167085281,2.5,76
35.487127,-80.875072,5.0,3
43.6427423,-79.4260646,4.5,32
45.4039548,-74.0306297,4.5,3
45.5379123,-73.6181754,3.5,25
54.2818,-0.401802,4.5,3
43.7031486,-79.6432167,3.0,3
36.1715474,-115.144279,4.0,24
43.6877365,-79.7625452,3.0,9
41.1504986,-81.8638036,3.0,22
55.9527486,-3.2033274,4.0,7
43.3981232,-79.7469447,4.0,5
43.6644546,-79.3802563,3.0,4
33.479079,-112.124615,4.5,27
36.141756,-115.32094,5.0,4
36.1123377749,-115.171696137,4.0,2935
33.4708544,-112.1085577,2.0,4
33.4976678,-111.9241591,5.0,35
35.207892,-80.790854,3.5,3
45.5252325,-73.5818296,4.0,5
33.488121,-111.927904,4.0,9
43.6462763847,-79.4089409905,3.0,8
41.2193653,-81.4393786,4.5,3
45.5469979,-73.575558,3.5,27
35.1437235,-80.7205196,3.0,6
33.8395368,-112.1191757,4.5,7
33.4227705,-111.8359853,4.5,14
35.3857853,-80.9458111,4.0,3
33.2760587621,-111.788936345,2.5,41
45.5233623855,-73.5983341187,4.5,5
33.4812639,-112.0371528,2.0,4
43.035825,-89.390364,3.5,3
33.6398283,-112.0472243,2.0,25
33.6782379,-112.1012912,4.0,49
45.5005991,-73.5591797,3.5,57
33.3928326,-111.9429893,2.0,18
36.1067341,-115.0406679,4.0,4
36.1688235,-115.2185573,3.5,7
41.434188,-81.498748,3.5,51
40.4077095,-79.9102103,5.0,19
43.822058,-79.298592,3.0,38
33.5848855397,-111.889808275,2.0,7
33.5267012,-112.1808368,2.5,6
45.475127,-73.467219,2.5,6
35.076033,-80.8793,3.0,7
36.1104125,-115.2067011,3.0,7
33.322198,-111.7914046,4.0,37
33.6293772,-112.014023,5.0,11
43.772163,-79.2828272,3.5,18
41.3713716,-81.8685955,4.0,4
33.4649028,-112.1514277,2.5,3
33.638365,-112.216355,2.0,61
33.448263,-112.073821,4.0,11
33.4150637,-111.8352744,5.0,8
40.451095,-80.239252,4.0,5
43.6487907,-79.9251549,3.5,3
33.5962594,-111.9796761,5.0,3
33.5837804,-111.9280226,5.0,16
33.5513424,-112.1169946,4.0,16
33.2631795727,-111.856432372,3.0,24
41.4790797,-81.8417352,2.5,19
35.1885393,-80.6906735,2.5,11
40.4349945,-79.7690818,3.5,28
41.345517,-81.82284,3.5,5
41.3151043,-81.8357309,4.0,101
43.6784442,-79.440126,2.5,14
36.103843,-115.137209,3.0,11
33.4483771,-112.0740373,1.0,5
35.1514326632,-80.8754379341,3.5,7
45.5082486,-73.5599432,3.0,7
35.1068968,-80.8068567,3.5,9
40.409918,-79.9167901,3.0,86
48.7309355,9.0872401,4.5,6
43.6686301,-79.3932099,4.5,3
45.5286465,-73.8204449,5.0,6
41.314492,-81.540177,2.5,33
45.4966387,-73.5848288,4.0,3
36.196183,-115.109699,5.0,17
40.4883350846,-79.8828375589,3.5,41
33.501795,-111.986554,5.0,14
40.4555185,-80.191029,2.5,13
33.3795686,-112.0310677,3.0,29
33.5102741,-112.1858242,1.0,6
55.9416597,-3.2023424,4.0,8
33.2982527,-111.74477,2.5,7
45.514687,-73.5628499,3.0,5
40.1167979,-88.2427614,4.0,158
33.6108166827,-112.014812802,5.0,3
36.0718126275,-115.083949889,3.5,3
33.8656325,-112.1385696,3.0,70
40.3944304,-79.897171,3.0,3
41.3211749864,-81.6263453737,4.0,21
43.830997,-79.12088,3.5,3
36.1141451,-115.1719886,5.0,11
40.4380697,-79.9982823,3.5,3
33.4907391,-111.6705522,3.0,40
33.630549,-111.995452,5.0,9
33.3826956,-111.7445616,3.5,20
33.5837403,-112.0512146,4.5,81
43.7447749,-79.2971827,3.5,3
33.6261448,-112.1868521,3.5,53
33.685071,-111.9179572,5.0,3
33.5100937,-112.0961354,3.0,43
43.6982471,-79.7465829,2.0,4
35.1082010127,-80.8778339624,4.5,7
40.455929,-80.0065429,5.0,5
43.8384117,-79.0867579,2.5,3
40.4845581055,-79.8208694458,5.0,5
36.146535,-115.166431,4.0,4
36.1812586951,-115.206482783,3.5,3
43.7024334,-79.3972626,3.5,6
43.1939302,-89.463625,5.0,7
40.4686835,-79.961674,2.0,14
43.6572329,-79.448643,3.5,3
43.7191183,-79.5073702,2.0,3
43.6361227,-79.403484,4.0,3
43.6681471444,-79.3999321932,3.5,5
36.0146103,-115.171786,2.5,51
36.1636496,-115.1432704,3.0,18
33.441685,-112.09319,4.0,6
36.1519919336,-115.152071714,3.0,3
55.9444268,-3.2182115,2.5,4
33.5464488728,-112.047284652,4.5,166
36.1314439,-115.1648858,3.0,5
41.1349485,-81.5085101,3.5,50
35.2392427825,-80.8842752874,4.0,20
41.3998117,-81.6888448,3.5,17
36.168754,-115.15736,3.0,4
41.421953,-81.672479,4.5,8
36.187869,-115.206623,2.0,3
45.5127598418,-73.5707086571,2.0,4
35.226123,-80.8481837,5.0,5
33.6057019404,-111.958987713,4.5,3
43.6487437,-79.3851654,2.5,4
43.7037206,-79.4133584,4.0,4
43.8745069,-79.4241424,3.5,20
45.508857,-73.562068,3.5,7
40.4414335,-80.0020533,3.5,59
33.5824149,-112.1117315,5.0,9
43.6543909,-79.4022305,3.0,78
43.6300129,-79.4774528,3.5,21
41.1559022,-81.8608704,3.5,3
33.455682,-112.0654179,4.0,16
43.8643333797,-79.3824108582,3.0,88
33.6547393131,-112.29013179,5.0,10
40.4547131978,-79.9401016207,3.0,10
36.099324,-115.208854,3.5,7
33.6550301094,-112.134991586,2.0,5
33.563442,-112.0893682,3.0,6
33.3824602,-111.600444,1.0,3
33.4986286,-111.9224398,4.0,5
43.6777176,-79.6248197,1.5,8
36.2257696,-115.1266612,3.0,5
33.3799637,-111.8935268,5.0,4
55.9753329745,-3.1670990714,3.5,6
43.5558857,-79.5811133,3.5,4
43.0676088,-89.4106872,4.0,3
36.0765176,-115.1533426,4.0,4
36.0345731,-115.0977999,3.0,66
43.11097,-89.642706,3.5,3
36.1979784,-115.2638024,2.5,13
40.4415876,-79.9582278,4.0,5
43.5848727,-79.611727,2.5,3
41.4155227,-81.4933041,3.5,3
33.7058708,-112.1100452,5.0,3
33.5239523176,-111.925363018,5.0,132
33.467919,-111.926038,3.0,45
48.7305332,9.1084093,2.0,8
43.6241266,-79.491819,5.0,3
33.637089,-112.355776,3.5,36
43.6435205,-79.3790818,3.5,3
45.5233739,-73.6120623,3.5,3
45.5231091,-73.5951834,2.5,3
40.110041,-88.2296889,2.0,15
43.8424222,-79.3869514,2.0,10
45.5234934775,-73.5950759053,4.0,310
33.6109082,-112.2471719,4.0,15
35.2216726,-80.8475027,3.5,44
40.4904997408,-80.3321213844,3.0,27
43.5977977371,-79.6407079697,2.5,5
35.382967,-80.7859357,2.5,3
33.6529908,-112.2350016,4.0,29
55.9632886,-3.1963121,3.5,7
36.1647586,-115.1301997,4.5,18
45.501996,-73.572295,4.0,89
40.4414521137,-80.0073372918,3.5,13
40.3694951,-80.0350698,2.5,7
48.7747,9.17816,3.5,5
45.5209489,-73.5540441,4.0,17
36.1226902,-115.1701939,4.5,15
41.393735,-81.724276,2.5,3
36.119371,-115.173715,4.5,533
33.568119,-112.2036292,3.0,47
43.6521728,-79.3755231,3.0,5
35.0922425,-80.8589524,3.5,7
33.350119,-111.915133,5.0,11
33.5219808,-112.0992164,2.0,11
43.6798882,-79.4329297,3.0,21
41.3097168,-81.5158397,4.0,11
35.344646,-80.886235,3.0,21
35.2613685105,-81.1703234911,2.5,10
43.6771375927,-79.4473440347,3.0,11
40.4083938599,-79.8406982422,4.0,15
36.1183949,-115.1729418,4.5,3
33.6253202995,-112.376742895,4.0,13
33.637766,-112.383639,2.5,4
35.2284099,-80.8426239,3.0,4
43.6611315,-79.3863702,3.0,3
43.6978523,-79.4599352,2.5,11
40.4566701103,-79.9676758264,4.5,13
36.071908,-115.107697,4.0,8
43.6255228,-79.604745,4.0,4
36.1133965,-115.1600873,4.5,24
43.6945463,-79.4561394,4.5,39
41.2143627,-81.4439567,5.0,3
33.3495465,-111.9094137,4.5,63
36.037466,-115.167241,2.0,3
33.5923399,-112.3359308,5.0,3
55.9543937,-3.1975974,4.5,5
45.519676,-73.5734642,4.5,10
33.6392699689,-112.420837836,3.5,5
41.3143323,-81.5117676,4.0,3
33.6395462,-112.0855301,1.0,4
36.1330317,-115.1898484,5.0,3
33.5094912,-112.0278612,2.0,13
33.8333716,-111.9507042,4.0,9
36.1599319,-115.2222054,4.5,30
33.4493297,-112.0739934,4.5,121
36.209353,-115.075037,3.0,8
41.1481058,-81.863413,5.0,3
33.6405,-112.1082075,4.0,16
35.2606186789,-81.1305777781,2.5,28
41.5192369,-81.456423,2.5,3
40.1177536,-88.2408818,3.5,14
48.7628,9.26878,3.5,7
43.068007,-89.404538,3.0,23
41.2398345,-81.3527856,4.0,5
43.666224,-79.4112121,5.0,3
45.5103334,-73.5750222,5.0,3
33.408262,-112.0019593,5.0,5
41.1562901,-81.3982115,4.0,12
43.6599361,-79.4350438,3.0,13
48.81532,9.27822,4.0,4
33.5654199,-112.2415692,3.0,27
41.501578,-81.556687,1.0,6
33.4936446,-112.3584627,4.0,203
34.9757934,-80.8551055,5.0,4
33.600352,-112.016496,3.5,3
36.03907108,-114.991794937,3.0,42
48.7398,9.30661,4.0,12
43.7026909,-79.3970377,4.0,43
41.3742988,-81.9020073,4.5,4
40.5529284,-80.115508,4.0,6
43.6126518,-79.5559716,4.5,4
45.5345839,-73.5993964,4.0,31
43.6238814054,-79.512073852,4.5,194
43.734074,-79.404323,4.5,6
33.5036703503,-112.082200348,4.0,389
43.6722312,-79.4143193,3.5,28
36.0347556219,-115.09979276,2.5,12
43.6444276,-79.3994346,3.0,48
33.4765,-112.224647,2.0,5
35.9706292,-115.3074646,3.5,3
36.2393316,-115.1625867,2.0,13
36.1780112,-115.3133908,5.0,20
45.5400798919,-73.6093938723,4.5,6
36.175,-115.136389,3.5,5
33.5810870397,-112.240463756,3.5,31
41.2497522,-81.363154,3.0,8
43.8098502,-79.4515446,3.5,19
41.3970914,-81.5427965,2.0,3
33.4459533,-112.0714496,4.0,47
33.5079727173,-112.220191956,1.5,13
45.4908043,-73.6441626,3.5,10
35.4103084192,-80.6685836237,4.0,7
41.2835522,-81.4404524,4.5,3
33.3497429,-111.966374,4.5,30
40.3333915,-80.0233122,3.5,5
35.978147,-114.822904,4.0,9
43.0211441,-89.4718158,5.0,4
36.1001295,-115.1384131,4.0,4
45.5347053,-73.5727576,3.5,3
43.6547659,-79.4213507,3.5,7
40.4631030968,-79.7052526474,3.0,5
41.3956393,-81.64159,5.0,4
36.0833352,-115.0999753,5.0,5
33.26346,-111.857496,4.0,3
33.4898786,-112.0480485,4.0,11
40.4266765,-79.887843,2.0,4
33.6630513569,-112.018275815,5.0,3
43.7065588,-79.4692901,4.5,6
33.4807371,-112.0323142,4.5,5
35.222098,-80.854827,5.0,5
43.6450154,-79.4283625,4.5,6
43.6644159,-79.3255935,4.5,6
43.5848652,-79.7180578,5.0,4
33.6777839,-111.9644537,4.5,3
33.4793499,-112.358717,2.5,22
36.1183949,-115.1729418,3.5,15
41.3976972,-81.997259,3.0,6
43.724326,-79.300543,3.5,6
33.6364503,-112.0118669,2.5,3
35.2818742,-81.1883519,3.5,25
33.6192664134,-111.919126286,2.5,3
43.0743087,-89.3924169,3.5,29
45.5010673,-73.5593977,4.5,3
33.3552273,-111.790605,4.5,68
35.098863,-80.781315,4.0,30
33.5702736121,-111.889089346,4.0,22
45.4574113,-73.5719914,4.0,27
33.4867273,-111.91839,3.0,5
33.4810372,-112.1215642,4.0,30
36.1269391,-115.2416392,3.5,5
33.5776035,-111.8769932,2.5,8
33.544976,-111.905374,1.0,4
36.156507104,-115.153554641,4.5,83
43.6316979,-79.5551409,4.5,3
33.4933636,-112.351202,3.5,218
36.1558932,-115.1497414,3.5,47
36.0051261,-115.1127293,3.0,55
35.3528204,-80.6884697,3.0,12
43.6532235,-79.391517,3.5,3
43.5616417,-79.574501,5.0,6
36.032924,-115.205633,4.0,108
43.6805101,-79.2895166,3.5,28
43.7637755,-79.3992725,3.0,4
35.1909575,-80.7621614,3.5,3
36.0575047,-115.1758692,4.5,67
40.343002,-79.943712,3.0,3
35.4094301,-80.5800981,3.0,8
43.6445352,-79.5230791,1.0,3
33.664516,-112.2026347,2.0,13
33.5028476,-112.012696,4.5,18
33.6782379,-112.1012912,3.5,10
33.4653291,-112.2732345,1.0,8
33.5033539,-112.0914995,5.0,4
41.5205624,-81.4401714,3.5,29
33.5349253,-112.1847509,5.0,3
40.4438864,-80.0008464,4.5,3
36.171017,-115.207055,4.0,206
33.4808316,-112.0069885,3.0,107
41.5377423,-81.477772,3.5,11
33.7101008,-112.1124809,4.5,7
33.3928523,-111.9360171,4.0,4
33.2830288,-111.639606,2.5,6
36.2283479,-115.246288,5.0,15
43.8512918,-79.3538709,4.5,81
41.4505708,-81.8158109,4.5,15
36.1362575,-115.1512526,3.0,6
36.0809667,-115.2244853,4.0,64
41.4058147,-81.7668844,3.5,41
43.784726,-79.5699602,4.0,23
36.0428629,-115.103362,4.5,18
40.6186055,-80.0546485,3.0,6
43.6418337,-79.4311034,4.0,27
40.4071242,-79.9164495,2.0,5
33.4081276,-111.7895074,4.0,10
40.4451709,-79.8303967,2.5,5
43.600458613,-79.6265968749,2.5,3
35.2326781,-80.8460822,4.0,5
33.292945,-111.726135,5.0,4
33.6406334,-111.9086326,4.0,20
33.524639,-112.1113334,1.5,4
33.3339735,-111.8083538,3.0,29
45.5544551,-73.5963399,4.0,3
43.6316979,-79.5551409,3.5,5
33.5609925,-112.3425299,2.0,11
33.4796324,-111.9108781,4.5,6
33.6780517,-111.89714,3.5,22
36.0572932,-115.1755613,4.0,185
33.4329528,-111.8449346,5.0,3
55.9534732,-3.194306,3.5,11
40.3604515,-80.1125157,1.5,11
33.3231617,-111.7868901,5.0,3
43.681357,-79.4285909,2.0,3
43.7206727,-79.5374001,4.0,6
36.0898229,-115.2313311,4.0,10
33.4367238,-112.0810186,2.0,7
41.5098858804,-81.6625014693,4.0,15
41.238548,-81.4496263,4.0,80
36.1724916,-115.2254508,4.5,7
36.2194267,-115.0883502,3.5,4
33.3307646,-111.9813995,2.5,7
48.776702,9.164424,3.5,5
33.6264211,-112.1002302,4.5,34
45.4947507,-73.5800061,3.0,4
40.5915388516,-79.7316609251,4.0,5
33.7978888,-112.1157954,3.5,86
43.7090111,-79.3988079,3.0,4
43.0367972,-89.3837855,2.5,3
35.298417,-80.731182,1.0,3
40.366735,-80.013733,3.0,8
41.3174524,-81.5047772,5.0,9
33.3346715,-111.8586955,2.0,9
33.430164,-111.903534,4.0,74
35.1965941,-80.8510337,3.5,14
35.093841,-80.93752,1.5,3
36.0789465,-115.2967302,5.0,4
33.315,-111.841,1.0,8
41.5883494,-81.4389343,3.0,8
36.1201573,-115.0735858,4.0,3
33.391957,-111.718163,5.0,18
41.6066385853,-81.4739441872,4.0,41
43.6554815,-79.4115006,2.5,7
40.4279833,-79.9802551,4.5,19
33.4351714,-112.0648392,3.0,5
41.483156,-81.834125,5.0,3
36.1433397,-115.2193292,4.0,10
48.77417,9.17262,4.0,33
40.4544244118,-80.1690261177,4.5,3
35.2265,-80.840796,4.0,371
33.596405,-112.300731,2.5,8
33.582783,-112.2042446,4.5,33
36.1152498,-115.2212804,4.5,3
36.0654897842,-115.247574551,4.0,8
33.439648,-112.026154,1.5,39
43.0745043,-89.397269,3.0,9
40.2757605567,-80.1253101201,4.0,67
35.230158,-80.8473,3.0,30
43.6728084,-79.4141944,4.0,7
48.7734,9.15965,3.5,3
43.075863,-89.4539706,2.5,3
36.1431691,-115.2493071,5.0,9
36.2389741024,-115.169811633,2.0,10
33.5391239,-112.2037929,3.5,8
36.1272241,-115.1715512,3.0,5
43.6535594,-79.3804049,2.0,16
33.6121673,-112.0337797,2.5,3
33.3042019,-112.0139642,2.0,4
33.4089473,-111.6819876,2.0,3
33.58671,-111.83541,2.0,15
33.6373235,-112.4252125,3.0,11
41.4404560838,-81.7799899355,4.0,11
33.6370281074,-112.33755067,4.5,18
33.5386,-112.152,2.0,19
33.5094183,-112.136489,2.5,14
33.6190939,-111.92994,3.5,5
40.0412696,-75.5428018,5.0,3
36.1432297,-115.2643615,5.0,4
33.378691,-111.759215,5.0,8
43.7018444,-79.397677,4.5,10
33.305063,-111.991204,3.0,6
33.4149991,-111.8200441,4.5,4
33.6352642,-112.0140215,3.0,10
33.492868,-112.143405,3.5,3
-34.5089019,-58.4916265,3.5,3
57.47741,-4.229083,4.0,31
36.1045839,-115.1744648,3.0,35
43.6680712677,-79.3855836172,3.0,21
40.4563601,-79.9150946,4.5,17
33.5387237,-112.1779619,1.5,11
33.298341,-111.898651,4.0,190
54.4871585,-0.6173321,3.5,3
45.4937999547,-73.7043952833,3.0,24
36.0902211,-115.1720703,2.0,34
43.5535892,-79.5837629,3.5,12
48.8169,9.16983,3.5,5
41.200356,-81.440856,4.0,10
43.6773644,-79.3518496,4.0,10
36.1497805,-115.1642491,4.5,3
43.8419104,-79.4295883,2.0,5
41.384607,-81.439568,5.0,3
35.333711,-80.7905665,3.5,5
43.7047505,-79.4062714,3.5,3
36.2382786609,-115.11923572,3.0,90
35.2519128,-80.9885739,1.0,3
43.6949947,-79.7487375,3.0,5
36.0714684,-115.0784177,3.5,153
43.1365035,-89.3471953,4.0,175
41.5795482,-81.550121,3.5,47
36.0592537,-115.1202185,5.0,7
36.0879332,-115.2248981,3.5,9
35.9964221,-115.1219647,3.5,19
40.385523,-80.03896,5.0,4
45.5193033,-73.555246,2.5,13
36.1975657,-115.2798105,5.0,10
33.4335164,-111.7256936,5.0,7
41.6427892,-81.4561178,1.5,6
43.656207,-79.3784291,3.0,5
41.3344426,-81.3627212,3.0,23
33.4072659,-111.8604334,3.5,3
33.5303271,-112.0255034,5.0,3
36.121221,-115.1502945,3.0,8
55.9770251,-3.1727333,4.0,19
43.1253348,-89.3109217,3.0,4
35.094862,-80.877106,4.0,4
33.4372160024,-112.183952294,4.5,5
40.4449938,-80.1501357,3.5,3
33.5226089,-112.1113444,4.0,6
33.5389948,-112.0640088,3.0,6
33.4403076167,-112.081900403,3.5,137
33.3795711,-112.0348877,3.0,25
33.4110691,-111.6967651,1.0,3
36.2498922,-115.2441383,3.5,4
36.1259335,-115.1352534,3.0,20
43.7378353,-79.5685489,1.0,3
33.6160293,-111.8926303,4.5,13
35.0224417472,-80.9615605492,2.0,4
43.6513871,-79.6016933,1.5,3
43.8172317,-79.4247164,3.0,9
40.434609,-79.9554667,2.5,28
33.448384491,-112.05723712,4.5,11
40.4385501,-79.9547382,4.5,3
33.6105842,-112.1696724,5.0,4
33.4001121,-111.8576263,2.5,8
33.6367211,-112.1836222,2.5,3
35.189039,-80.761471,1.5,8
43.7966175,-79.3164104,2.5,9
35.4774405,-80.8941118,3.5,12
33.4949401,-111.9813044,2.5,3
43.1128465,-89.3637702,3.0,9
33.3162625,-111.9688151,3.5,9
45.521106,-73.575346,4.5,279
41.643002,-81.413533,5.0,5
43.122528,-89.314783,2.5,23
33.4079589844,-111.853660583,3.5,6
33.3946179,-111.939264,4.5,28
33.4791690258,-111.984146793,2.5,51
45.523224,-73.583323,4.5,15
41.4933789,-81.987851,4.0,6
33.6714916854,-111.134184072,2.5,12
41.3169807,-81.3444641,3.0,31
33.3934196,-111.8778967,2.0,13
45.5115357,-73.6257977,3.0,4
33.4657679,-111.889179,3.0,18
45.499918,-73.566459,3.5,9
33.3872039,-111.935773,4.5,9
43.6586717,-79.3503395,3.5,17
45.4956816821,-73.4275883019,5.0,3
43.8356257,-79.086016,3.5,7
41.529849,-81.218232,1.0,3
41.399133,-81.815199,1.0,3
43.8915793787,-79.2643431189,3.0,4
33.3487772,-111.8772769,3.0,5
43.6410712,-79.4226017,2.5,13
45.5189943,-73.5947578,3.5,5
43.6901249,-79.2941131,4.0,12
33.4972895,-112.0838276,5.0,3
33.532031,-111.92742,4.0,27
33.5112826364,-112.013695726,4.5,177
56.1198605317,-3.1424440908,4.0,3
33.6386686,-112.2172397,2.5,6
36.283809,-115.2870808,4.5,86
35.408335885,-80.8629224063,2.0,20
36.011942,-115.136169,3.0,12
41.5258561,-81.3379057,1.0,3
33.4554728568,-112.031235495,3.5,3
43.6722484,-79.3212267,3.5,7
35.515044,-82.422369,3.5,4
36.0382439,-114.9833676,3.5,124
33.297853,-111.914353,3.0,30
35.41143,-80.846947,2.5,5
40.3942793,-80.0350803,3.5,55
33.599948,-111.9893349,4.0,71
33.415657,-111.95829,4.0,5
41.5417162,-81.4931165,2.0,17
41.5072733904,-81.6736376772,3.0,13
48.7782,9.12474,5.0,3
35.3106408119,-80.7496372,3.5,228
56.2006925,-2.9951131,3.0,6
45.5558691759,-73.5511330882,4.0,8
33.6882309,-111.9250736,4.0,90
48.7631,9.25462,3.0,4
33.5089608,-112.0593788,5.0,29
43.845755,-79.4318283,3.0,32
36.1344589555,-115.17441884,3.5,6
40.3672597,-79.9840035,4.5,3
36.126556783,-115.203864374,4.0,23
36.19479,-115.207574,4.5,15
41.4411341,-81.7049416,5.0,7
43.0536276,-89.3962672,4.0,11
35.2512439,-80.5056612,4.5,9
35.9941989,-114.9339984,3.5,6
45.570382,-73.199866,4.5,4
33.5381392,-112.0631483,4.0,39
33.3522548,-111.9638643,5.0,11
36.2637679,-115.1176083,3.5,39
33.5847273384,-111.898906231,4.0,21
55.9289288,-3.1688401,4.0,5
43.8794949,-78.9422476,4.0,8
33.4348794896,-112.019004822,5.0,5
36.1025627391,-115.201189704,4.0,95
33.5098819762,-112.084279396,3.0,11
41.2779878,-81.5386612,3.5,14
36.1796126,-115.0636254,1.0,3
43.7876301,-79.5544726,3.5,5
33.6410047,-112.0158205,3.0,12
35.119512,-80.701841,3.5,9
36.128585,-115.189533,5.0,3
40.4054039,-80.0762665,4.0,9
55.9406117,-3.1807512,3.5,5
43.716316,-79.2394761,2.0,3
40.390315,-79.865458,2.0,5
45.4825035,-73.5761124,4.5,7
33.428145,-111.940407,3.5,186
41.4851235,-81.791525,4.5,3
55.9459195,-3.2063517,3.5,5
43.6695671,-79.3885937,3.0,3
33.241272,-111.86182,5.0,3
33.316203,-111.870806,4.0,11
33.4920581,-112.119558,4.0,103
35.462974,-80.889629,5.0,6
43.5198168533,-79.6852487797,3.5,4
41.3640009,-82.07605,4.0,5
36.0444175,-115.0273849,3.5,123
45.4929749,-73.5686729,3.0,8
43.0748523,-89.3813541,4.0,28
43.843724078,-79.4081819057,2.0,34
45.5127967,-73.5610991,2.5,5
33.440142,-112.073421,4.5,3
41.2045479,-81.4537811,5.0,4
33.3194325,-111.9079921,3.5,42
45.555251,-73.763778,4.0,6
33.3483416,-111.9136741,3.0,21
55.9710635,-3.1506072,3.0,3
41.3130737,-81.8159521,2.5,13
33.4982156,-112.0827154,3.5,3
36.0858828,-115.149411,3.5,3
35.1523851,-80.8321252,3.5,46
33.3948821,-111.9405575,4.0,17
36.0359602,-114.9750939,2.5,22
43.6481523,-79.3992151,3.5,10
33.5789567354,-112.12124102,2.5,12
40.5029699,-79.9500477,5.0,7
33.455361,-111.912755,3.0,3
36.246966,-115.238472,3.5,8
33.484011,-112.048027,4.5,43
35.3352529,-80.7990185,3.5,3
36.0049567,-115.0939736,2.5,21
43.6660632,-79.4071762,3.5,7
41.419776,-81.724088,2.5,6
43.6213143937,-79.5549798165,3.5,24
34.9327906,-80.7495787,2.0,3
43.6686961843,-79.3068349734,4.0,5
40.341834,-80.054655,3.0,4
35.2270869,-80.8431267,4.5,3
35.228417,-80.841415,3.5,35
33.6402399,-112.0974408,5.0,6
43.8678288583,-78.9147691825,3.0,22
36.1475403082,-115.155804344,2.0,15
33.3918485,-112.0737146,3.5,3
41.460683,-81.7395514,2.0,15
43.6132256,-79.5803204,3.0,8
48.7345,9.10436,4.0,4
35.099609,-80.722877,4.5,17
41.3459,-81.820387,3.0,12
43.6509164,-79.4509585,4.0,3
33.6070169,-111.7169376,3.5,6
41.451856,-81.8169617,3.5,6
48.806,9.23392,3.5,3
33.4637088,-112.2711666,3.5,51
43.7433827,-79.2195717,3.5,3
33.4369319,-111.9270714,2.5,23
36.1697096,-115.1236952,4.5,15
43.7542634,-79.4685369,2.5,5
40.515698,-79.842668,5.0,7
55.946543,-3.2053449,3.0,10
40.1186235,-88.2464541,5.0,3
45.5679383,-73.7266086,5.0,3
43.7450295438,-79.2963746935,4.5,21
43.6620099,-79.3346298,4.0,140
36.1982171,-115.2499228,1.0,6
43.8630465477,-79.3862736225,4.0,15
55.9736042,-3.1766816,3.0,3
43.6806254,-79.2879318,4.5,14
33.6080607,-111.7219179,3.0,17
36.0674881803,-115.068048055,2.0,12
41.4619903,-81.4811782,5.0,12
36.1103567454,-114.924202278,4.5,19
43.9054130759,-79.2697918324,3.5,6
35.233064,-80.851868,3.5,55
40.63399,-80.050564,2.5,14
33.4153522,-111.8379894,4.5,28
33.4495511,-112.0789355,4.5,27
43.6669117,-79.4055759,1.0,3
33.4805679,-112.0142539,4.0,31
36.0443714,-115.2475033,4.5,23
43.0527146,-89.4359091,4.5,8
40.4458329,-80.1712102,1.0,3
43.8505173,-79.3575262,2.0,3
35.1637880258,-80.9722954028,2.0,12
45.5038383,-73.6771527,1.5,4
43.7766343,-79.3169103,5.0,12
33.4494949,-112.0754424,5.0,5
41.519266,-81.455388,1.5,3
33.6956353639,-112.152067196,3.0,205
33.6016632,-112.0375957,4.0,5
33.3881313,-111.8538436,4.0,4
43.6873719,-79.3054384,2.0,5
48.7732123,9.17817,4.0,32
40.3419799358,-80.0532981008,3.5,3
33.6385175,-112.1886135,4.0,10
33.5952081,-112.1510602,2.5,5
48.77937,9.16716,3.0,4
43.0440409,-89.3944601,4.0,84
36.1573631,-115.0620928,2.5,7
41.6406335,-81.4468561,3.0,6
33.5348486255,-112.26162672,3.5,3
36.1965066,-115.2486868,4.0,23
36.1231252,-115.1705922,3.0,10
41.4106123,-81.838659,2.0,5
36.071819,-115.294899,2.5,6
33.4720491862,-112.22126618,3.0,3
43.6608749,-79.3847555,1.0,3
43.6577631,-79.3811642,4.0,3
43.7096464,-79.3989239,2.0,4
35.0847965,-80.8896343,5.0,4
43.6702799535,-79.3922807034,5.0,3
41.521957,-81.357772,3.5,3
55.9503362,-3.2089654,4.0,3
35.3042746,-80.7487266,2.0,10
41.4126922,-81.7349257,3.0,9
55.9902584,-3.3962843,3.0,24
33.4577445,-111.9081615,4.0,19
43.7191707,-79.4558409,3.0,66
36.1742276,-115.2610242,3.5,23
33.451716,-112.002463,2.5,3
36.2636916,-115.2513988,4.0,13
33.521676,-112.064132,4.5,3
43.627616,-79.497251,4.0,5
45.5262728,-73.5804821,4.0,25
40.4434308,-79.9943233,5.0,8
45.5008349,-73.5564927,3.5,39
43.6478386,-79.4007954,4.5,6
36.0590790407,-115.046474151,4.5,12
33.5972828627,-111.982328603,5.0,27
41.3232974,-81.6278258,4.5,3
33.4227752629,-111.940212534,3.0,7
33.6803004,-111.8330106,5.0,4
41.3846427,-81.4352995,3.5,11
55.9646525,-3.1905098,5.0,3
43.6554167,-79.4453605,2.5,3
36.1432711,-115.2627634,3.5,41
55.9322351,-3.2094523,4.5,5
43.6631821,-79.4025671,4.0,67
36.0350953,-114.985857,2.5,3
36.1162231,-115.1378401,4.0,32
33.4510647,-111.8386391,2.0,30
36.1145955817,-115.172434866,4.0,5
33.7649553,-111.9848575,4.5,30
47.3574923972,28.5953190008,4.0,4
41.1259076,-81.6029141,3.0,9
40.547606,-80.035189,4.0,11
36.1079837438,-115.174990717,3.0,24
33.3855869,-111.6951686,2.5,52
45.4589375026,-73.7463930297,3.0,6
40.159137,-88.272505,2.0,8
33.3812843,-111.7535064,4.0,30
41.451834,-81.809119,4.5,3
33.5238779,-111.8980373,3.5,13
36.1619276,-115.1346287,4.5,25
43.0748331,-89.381026,4.0,16
33.4667576,-112.1674908,3.0,4
33.3057698,-111.945089,2.5,22
33.4986074,-111.9278347,3.5,3
33.654189,-112.082342,2.0,20
35.1151371,-80.7197968,2.0,9
40.3575532,-80.0022233,2.5,3
35.0822,-80.8772242,3.0,3
43.6871826,-79.3070536,4.0,36
35.312017,-80.7141989,2.5,18
40.3975788,-80.0274892,3.0,11
36.0988713,-115.1898147,1.0,12
33.6464053,-111.9225578,5.0,3
35.2744594,-80.854423,2.0,3
43.6770939,-79.3533251,4.0,8
43.8582748,-79.3040555,2.0,7
33.49396,-112.3377,2.5,3
41.1484157,-81.5082944,4.0,39
33.393454,-111.6905713,4.0,6
36.145196,-115.2155168,3.0,4
33.6451595,-111.9175362,4.0,424
33.712245,-112.101899,3.5,69
40.4395208251,-80.000217169,3.5,18
42.841676,-90.3979641,4.0,12
33.5127593264,-112.329593239,3.5,36
36.1601407,-115.0761998,3.5,7
41.5205095,-81.4533675,4.5,3
55.9599424,-3.206057,4.0,4
36.1699412,-115.1398296,4.5,17
43.7139529,-79.7999723,3.5,12
43.7645551,-79.7485479,4.5,3
43.8254466,-79.3050432,3.5,5
35.223943,-80.874518,5.0,4
33.6053165,-111.7565443,4.0,29
36.2885856498,-115.28580279,3.0,18
40.4545708196,-80.1638448476,5.0,8
33.393667,-111.8126704,2.0,4
41.168232,-82.022102,4.5,3
43.7692924,-79.3886264,3.0,9
33.4788098,-111.9984213,3.5,16
36.1106107,-115.2074609,3.0,8
48.68083,9.0064,4.5,3
36.0965986619,-115.210464075,3.0,7
43.6563463285,-79.3822160379,3.0,13
43.670339,-79.3913592,1.0,5
33.5820005,-112.0113071,4.5,14
41.4849456467,-81.8055162365,4.5,6
55.9541820501,-3.2014627458,4.5,3
43.0647664,-89.417184,4.5,5
45.54821,-73.542746,3.5,17
55.9266881,-3.3110566,4.5,3
33.4943197,-112.0488843,5.0,8
35.0913918,-81.1019229,5.0,3
43.8004700387,-79.4993404672,4.0,55
33.6237665,-112.2702742,3.5,43
33.3127109,-111.8411445,5.0,18
33.4151843,-111.8314724,5.0,4
55.947953,-3.195054,4.0,9
33.6512975,-112.2564052,2.0,5
40.1562924,-88.2392906,5.0,3
36.1342462,-115.0663631,1.0,3
33.565121,-112.2877128,3.5,36
43.6517118,-79.4076618,3.5,3
36.1525857,-115.02572,3.5,7
43.7065804,-79.3997742,3.5,49
43.7363754279,-79.344291687,3.5,46
45.5245064,-73.6256918,4.5,3
33.388221,-111.684684,2.0,10
33.4253128,-112.0291199,3.5,25
54.4891511,-0.6118221,4.5,3
40.4273549,-79.7008788,3.0,8
43.7149755,-79.4550832,3.0,4
35.2184893106,-80.7951469215,4.0,63
33.4073811,-111.81351,5.0,3
33.4599705,-112.2554511,1.5,12
43.6630841,-79.3304889,4.5,3
40.2597437,-79.9214572,4.5,3
33.4597501,-112.0752666,2.0,38
43.0267025312,-89.5007223887,5.0,3
45.5240952,-73.6051666,4.5,3
35.5097656,-80.6234342,3.5,3
43.6513137,-79.4380294,3.0,3
43.6627410493,-79.3100418895,1.5,5
33.636634,-112.014145,5.0,18
43.8538516,-79.3350027,4.5,3
55.93689,-3.207096,4.0,5
33.376611,-111.789247,5.0,4
41.4836446,-81.806039,2.0,14
36.0417106,-115.1931803,4.0,36
33.674976,-112.26723,4.5,10
33.4152896,-111.7853334,4.0,15
44.0697973199,-79.4836191704,4.0,13
33.3936238498,-111.693864763,3.0,17
33.3456294981,-111.961491197,3.5,57
33.308741215,-111.748321905,2.5,95
33.4077021,-111.9475535,4.0,397
43.7364126,-79.4205214,2.0,18
43.7085643,-79.3985802,3.5,7
43.6577732,-79.3841429,3.0,32
35.98815,-115.101621,4.0,8
33.4147378,-111.6846298,4.0,7
41.226165,-81.45416,2.0,3
33.623961,-111.963167,2.5,3
33.6448842,-112.2264463,2.0,17
43.8257533,-79.2980991,1.0,6
33.4765,-112.224647,3.0,5
45.4975038,-73.5769307,3.5,83
55.953704332,-3.1937964982,4.0,26
33.4787009,-112.0670108,4.0,5
33.6096458,-112.1343297,2.0,15
36.142973,-115.2209685,4.0,4
33.5173987,-112.0820298,4.0,152
33.3706252414,-111.963353008,5.0,5
33.4364493,-111.9426108,4.0,7
33.2763757962,-111.787062372,4.0,10
45.4942052516,-73.5575367172,4.5,17
40.570313,-80.037458,3.5,3
33.5679106,-112.1709711,4.0,126
36.1003454,-115.1342997,4.0,351
36.192006,-115.024017,5.0,3
43.6698409,-79.3936115,4.5,4
36.3011411,-115.279583,4.5,3
33.407907846,-111.894228454,4.0,8
33.4944231,-112.1421364,5.0,7
35.978345,-114.836529,4.0,81
40.0977002,-88.1939231,2.0,4
43.709217,-79.249631,3.5,3
33.5028371,-111.9294198,4.0,84
40.3683930071,-80.1065956659,3.0,137
33.228603,-111.812821,5.0,4
40.4382396,-79.922326,4.0,62
43.6881854,-79.7289713,4.5,34
41.4241853,-81.7611103,3.5,55
40.4652275,-79.9568338,4.0,50
41.642195,-81.436042,2.5,3
33.656927,-112.14289,4.0,7
36.2074847,-115.2682033,3.0,62
41.5209839976,-81.4373740755,4.0,54
36.1143212,-115.1708662,2.0,6
33.6011167,-111.9834389,1.0,5
35.3652139,-80.7114176,4.0,85
36.17248,-115.117552,4.0,13
41.4821635,-81.8271574,4.5,169
33.3926358,-111.9402602,4.5,72
36.1431129,-115.2596815,3.5,48
55.9552045,-3.1912814,3.0,5
44.953815,-73.2705,5.0,5
43.6969065,-79.4506169,1.5,3
43.6554574,-79.4110775,3.0,16
33.447109,-112.00304,3.0,13
43.677928701,-79.3498706818,3.5,31
43.754171,-79.3494929,2.0,9
45.5208144,-73.5876383,4.0,4
41.1533337,-81.4100774,2.5,3
33.6071829,-111.9403254,5.0,36
35.1458134603,-80.9240420535,2.0,13
40.5371915772,-80.0104326356,4.5,34
33.8249802,-111.8762521,3.5,17
35.368479,-80.7211883,3.0,3
43.6487356,-79.3952314,3.0,54
40.4966534,-80.058005,4.5,3
33.4754919,-112.3924311,4.5,11
42.942198,-89.383839,1.0,8
33.5106684,-112.029752,4.0,5
40.39595,-80.023065,3.5,3
43.6661187,-79.3178731,4.0,20
33.4654851036,-111.986718187,3.5,200
36.0357492,-115.1533426,5.0,9
33.6513368,-112.2443628,5.0,4
43.0575507,-89.4285296,4.0,103
33.4943072,-112.2026347,5.0,15
43.106913,-89.498128,4.0,53
33.356613,-111.954494,5.0,5
41.4799005,-81.7139834,4.5,75
43.645704,-79.4000046,3.0,68
43.6550684,-79.3888854,4.0,26
40.4469698,-79.9507326,4.5,32
43.8441335,-79.6279497,4.0,10
33.5092093,-111.9885861,4.5,506
43.7806673308,-79.4144051614,1.0,3
36.0989208805,-115.175656043,3.0,4
33.4150687,-111.8283431,4.5,28
33.4806677,-111.66665,5.0,7
41.3782071,-81.7347103,2.5,35
43.8958612915,-79.2650069296,3.5,32
40.45107,-79.933499,2.5,7
33.4154618902,-111.798781727,5.0,26
36.1354131,-115.0480049,3.5,58
41.5913839286,-81.5498018457,2.5,7
33.4500711,-112.0734554,4.0,182
36.1741390406,-115.356241441,5.0,7
41.4652041,-81.5619713,3.5,7
45.517817,-73.5699549,3.5,20
41.521116,-81.33871,2.0,3
33.3787141,-111.9186379,3.5,9
43.0456915,-89.3224358,3.0,9
36.4303079,-115.5207358,4.5,3
55.9580034342,-2.9899482223,4.5,4
36.0649678,-115.2488196,3.0,16
33.4890056,-111.9515483,1.0,9
41.4848675,-81.7987089,4.0,30
33.375426,-111.81091,4.5,55
33.4483771,-112.0740373,5.0,7
35.2176468,-80.8540332,3.0,8
35.152524,-80.8338505,4.0,25
41.251257,-82.1022494,4.5,4
35.1611282,-80.8493173,3.5,22
36.1378447,-115.1654364,3.5,13
33.341909,-111.761676,2.5,3
33.648213,-111.898389,3.0,8
43.6544,-79.4015226,3.0,5
55.9457793,-3.0432431,4.5,4
33.4986286,-111.9224398,4.5,268
36.1590526,-115.163811,2.5,19
33.6147437,-112.3396001,5.0,4
40.4418899,-79.9571545,4.0,230
35.2889229,-81.020392,2.0,9
36.1301373814,-115.115843117,4.0,32
33.621616,-112.269476,3.0,16
36.175,-115.136389,4.0,31
35.2197742,-80.8155597,4.5,8
33.5387191,-112.1662867,4.0,170
55.9446312,-3.200567,5.0,4
36.2030945,-115.2244853,4.5,25
36.068422,-115.193409,4.5,21
36.2389316,-115.1787807,3.0,30
33.3047888,-111.9279575,4.0,7
36.119004043,-115.175761117,4.0,616
33.5685599,-111.8869197,2.5,10
33.4649702,-111.6818383,4.0,6
33.388739,-111.6333335,3.0,4
43.6693859076,-79.3023147807,3.0,12
45.522215,-73.581027,4.5,33
41.4272110498,-81.7093330255,4.5,76
33.3191884,-111.9001262,5.0,6
41.485087,-81.815855,2.5,12
33.354485994,-111.791537404,5.0,3
43.878795596,-79.4386309912,3.0,4
33.40762,-111.812859,5.0,15
33.401388,-111.764617,3.5,3
33.5389511,-112.1367357,3.5,83
41.4307418,-81.3920434,5.0,4
45.5064382796,-73.5669950801,4.5,4
33.6302769276,-111.888450611,3.0,48
36.1805785,-115.1344043,1.5,3
43.6645955,-79.3249959,2.5,3
43.6819871,-79.4255269,4.0,11
36.0639143,-115.0238855,2.5,23
43.754477462,-79.267929087,4.5,21
43.6771258,-79.3532848,4.5,7
33.5526514,-112.1815558,3.0,85
41.393904,-81.445828,4.0,85
33.479872,-112.073265,2.5,127
33.309388,-111.745766,4.5,31
36.0583024,-115.0456931,4.5,110
36.0245484,-115.0910172,2.0,4
33.3906186,-112.1369049,2.0,50
36.0996054505,-115.10942325,3.0,4
40.2290201,-80.1997436,4.5,3
33.4660249,-112.0684085,2.5,6
33.5094782098,-112.074780936,5.0,47
57.474476553,-4.1921210289,5.0,5
41.3084543,-81.8204263,3.5,33
41.6920369,-81.2858087,3.5,3
43.6640774,-79.3697769,4.0,4
36.1729495,-115.1447421,3.5,650
41.478764,-81.844967,4.0,8
43.0833196,-89.3724769,5.0,10
41.4711326,-81.9519804,2.5,13
33.868913,-112.150449,5.0,4
36.111402,-115.279414,3.0,8
45.5012743,-73.5664104,3.5,6
40.5381216829,-80.0131467632,2.0,20
35.2213558,-80.856028,3.5,3
33.651039,-111.928096,4.0,83
40.4619134,-79.9490101,4.5,13
40.4808548,-79.9722639,4.0,52
41.4841410389,-81.7390392272,4.5,28
33.3653181,-111.7381301,4.5,3
33.5379613,-112.1018406,3.0,7
33.5106171,-111.9866163,3.5,25
43.8442209992,-79.0680969134,4.0,15
43.6936319,-79.3425014,5.0,4
43.5990536,-79.5440119,4.0,5
43.83544,-79.089707,3.5,36
36.1691108,-115.2913032,2.5,103
43.7286207,-79.431533,4.5,6
41.4607072,-81.8515886,4.0,114
33.6251533,-111.9252426,3.5,6
33.5087814,-112.0887948,2.0,4
43.0735676,-89.3954823,3.5,18
36.2213683,-115.2152267,4.0,9
45.5016889,-73.567256,4.5,7
35.2270869,-80.8431267,2.0,5
40.4947032663,-80.0548356128,4.0,30
45.5037785,-73.5538074,2.5,7
36.0790418,-115.0530782,4.5,5
33.4815508,-112.2196069,3.0,56
45.5359589,-73.6141506,3.0,3
41.242906,-82.076494,3.5,3
33.3409988,-111.8601111,4.5,126
35.1371464,-80.9019799,2.5,14
43.880328,-78.941925,3.5,6
41.3507183226,-81.9060188779,5.0,5
35.1148537,-80.6947449,3.5,12
36.175574,-115.16068,3.0,150
33.373586,-111.8163481,5.0,4
33.6021872,-111.9836094,3.0,5
40.4344679,-79.7560987,2.0,19
36.1481319,-115.365313,4.0,5
43.854816,-79.4368132,2.0,3
42.9222167,-89.2498993,3.5,14
36.1634205,-115.1588431,2.5,9
33.380668,-111.8088277,3.5,3
33.6782379,-112.1012912,4.0,4
36.1444005,-115.2023113,4.5,8
43.655321,-79.413309,4.0,10
40.5341627,-80.0498873,3.0,12
33.3796235,-111.7559876,2.0,11
43.7754496,-79.2743833,3.5,12
35.9774459037,-114.837601148,1.5,3
43.7292006,-79.2812265,3.0,40
33.6723595,-112.1001727,5.0,5
33.3790965,-112.166332,3.0,34
41.4515885,-81.8111791,3.0,18
36.2389590822,-115.211567534,4.0,214
41.5033427011,-81.5022549033,2.5,111
35.2950162,-80.9583138,5.0,5
36.097974,-115.2009647,4.5,46
43.6483552,-79.6559518,5.0,3
55.9456599,-3.2343173,3.5,5
43.6393223111,-79.4425679049,4.5,5
33.3800056,-111.8935031,4.0,63
33.5393084,-111.9226306,4.0,138
43.6782251,-79.3492654,5.0,4
33.445109458,-112.066823883,4.0,10
33.432318,-112.065525,3.0,10
40.4107319,-79.9115741,4.5,4
36.13823,-115.1743138,5.0,13
43.757426,-79.529322,3.0,4
33.6021872,-111.9836094,3.0,8
33.4956673,-111.9330396,4.0,37
36.2033273725,-115.227099312,3.5,3
33.5823851813,-111.930106053,3.5,23
35.1598255647,-80.8758025428,4.0,321
33.4589014,-112.0647223,2.0,13
43.0256233,-89.4149181,4.0,27
33.567482,-112.066228,4.5,10
35.063161,-80.7723511,3.5,3
33.6258442,-111.9760629,4.0,39
55.950525,-3.1776323,3.0,14
36.1218632,-115.1696491,3.5,27
33.6039699,-112.29943,5.0,3
33.4233842,-111.7732669,3.5,11
33.3922149,-111.8576895,3.5,155
35.250448,-80.736085,2.5,22
33.4219768948,-111.940243002,5.0,22
41.3985993,-81.716217,4.5,13
35.9796433,-115.0992175,3.0,3
43.6691271735,-79.4819607799,3.5,6
33.598536,-112.141916,1.0,3
33.4159007,-111.7351495,3.0,11
43.0755801,-89.3949946,1.5,3
35.296894,-80.799624,3.5,5
33.582278,-112.133284,4.0,12
48.773851,9.259917,4.0,3
48.77056,9.17976,4.5,17
33.378546,-111.754617,3.5,3
35.1143176,-80.7197131,2.0,9
41.5476576644,-81.4513414153,3.0,13
43.6992326,-79.3193195,2.5,16
36.0808842272,-115.102520585,3.0,44
33.6385587,-112.3667456,3.0,20
43.55009,-79.5876465,3.0,34
43.6764604,-79.3585316,1.5,14
43.626083,-79.5036015,4.0,6
41.4882505,-81.7069106,2.5,47
33.5115983142,-112.014799381,5.0,43
33.4390122,-112.4246392,2.0,4
33.6272943,-112.1304562,3.0,4
33.4499672,-112.0702225,5.0,5
35.3188783,-80.7792539,3.5,7
40.4368651,-80.0005118,4.0,15
36.1576037213,-115.310845077,3.5,25
33.5678,-112.0993,3.5,13
35.0771595,-80.6490566,5.0,3
36.1658210754,-115.14319706,2.0,4
43.0733704,-89.408997,2.5,4
36.067894,-115.114004,5.0,10
43.7581392,-79.4811484,4.5,23
36.1988542,-115.2659777,5.0,3
43.0736272,-89.3848876,1.0,3
33.3918579,-111.9091151,3.0,14
33.4194945,-112.0000358,3.5,5
36.135635,-115.2304131,4.5,3
43.833350324,-79.3439784916,3.5,7
33.3079837358,-111.744301254,3.5,287
36.1329230106,-115.163786672,3.0,143
33.5787951,-111.761258,3.5,5
40.4584698085,-79.9252556032,4.0,18
35.488581,-80.874231,3.5,88
33.563442,-112.0893682,5.0,5
43.6448688,-79.4158992,4.0,17
35.0615768,-80.9674798,3.5,26
35.17705,-80.79826,5.0,18
45.3071348,-73.2508388,4.5,7
36.1251477,-115.2199283,4.5,34
41.4538562,-81.6626281,4.5,4
45.5080157,-73.55374,2.5,26
45.5198817,-73.5955421,3.5,10
33.3091946,-111.8210866,5.0,19
36.064694,-115.251102,3.5,136
40.2574515,-80.2041613,2.0,4
41.159882,-81.4898751,2.5,3
35.0781717,-80.8169903,3.0,10
40.594482,-79.947289,4.5,75
43.7126252,-79.3600722,4.0,5
45.5032702536,-73.5694747344,1.5,4
36.1584817,-115.2857741,4.5,12
36.162543,-115.0625883,2.0,9
43.4436321,-79.6896096,3.5,3
36.034614,-115.1191579,3.5,70
33.4863260299,-112.069258524,4.5,17
41.5194224999,-81.5190078968,4.5,72
41.1003038273,-81.3814974053,3.5,3
43.2415547,-89.3424274,4.5,16
35.4045977,-80.8413535,4.0,62
35.056349,-80.853212,3.5,6
36.1383815,-115.2676527,4.0,10
36.175,-115.136389,4.5,10
36.1083306218,-115.175807536,4.0,1628
43.7868078,-79.5448651,3.0,50
41.5009109,-81.6911687,2.0,7
40.529966,-80.137426,1.0,4
36.109588,-115.17254,3.0,9
33.4514843,-112.0976666,3.0,4
41.3814417,-81.7397451,2.5,3
36.1697096,-115.1236952,2.5,3
33.4563262,-112.0737079,4.0,58
33.4287892367,-111.908140118,3.5,3
43.6832943221,-79.4185348114,3.0,7
48.8955,9.19048,3.5,31
36.0774951873,-115.225375481,3.5,9
41.4710781261,-81.8808755279,3.0,51
41.5005779,-81.5657742,2.0,17
41.5083581,-81.605532,2.0,31
33.302539,-111.875494,5.0,5
43.7055953,-79.34599,3.5,3
36.0951644,-115.2792546,1.0,3
45.5154735,-73.5639579,3.0,57
43.5896740999,-79.7227966413,5.0,5
43.646459,-79.4082005,3.5,23
35.226129,-80.876557,5.0,3
41.3507602,-81.3896748,4.5,5
43.8356074,-79.0917405,4.0,27
43.6538157,-79.451497,3.5,34
48.7082,9.00049,5.0,3
33.3486815,-111.958852,4.0,377
48.7936480302,9.1613592777,4.5,11
40.3258559,-79.9568931,3.0,4
43.7836563,-79.2879344,3.0,5
41.2516097,-81.3645784,2.0,33
36.1594973,-115.1758008,3.0,11
41.4224629,-81.9010395,3.5,3
40.2463822758,-75.6877776235,4.0,3
40.492507,-79.864475,5.0,12
33.563442,-112.0893682,4.5,7
41.4717154,-81.5359945,4.0,5
41.500152,-81.565104,4.0,23
41.3501346,-81.3899614,2.5,14
33.31081,-111.772012,4.5,22
33.4304026,-112.2026347,3.0,9
36.1035296,-115.1723424,3.0,33
40.4370025,-79.7822663,5.0,4
40.4395575,-79.998167,4.5,6
33.620545,-112.226421,5.0,3
35.0869866,-80.8717654,1.5,17
43.825726,-79.538287,2.0,8
41.5015706326,-81.5181560548,4.0,128
43.8227406,-79.5334027,3.0,19
36.1871005,-115.2956118,5.0,7
35.952556,-115.0228736,5.0,9
48.7925616,9.1867991,3.0,10
45.5243982,-73.5454006,4.5,8
45.597956,-73.578836,2.5,3
43.580349,-79.7122498,2.5,11
43.075216,-89.386276,3.5,3
35.497963,-80.857397,2.0,4
35.213508,-80.823691,4.5,7
36.1439733,-115.1898435,4.5,1152
33.3975407,-112.0728932,4.5,7
36.1588721,-115.1380243,3.5,6
43.6391236152,-79.417759914,3.0,10
41.3842248,-82.0483809,2.5,8
41.6425078,-81.4653488,3.5,7
41.3738665,-81.5159805,1.0,3
36.0402159,-115.2244853,5.0,3
40.4511698,-79.9345211,4.0,137
43.6653766,-79.4647407,2.0,3
36.0985176,-115.2967111,4.0,7
41.5811077,-81.3314222,4.5,12
35.1168131,-80.7236804,5.0,3
33.5239002774,-112.149244845,4.0,51
33.4953962,-111.9269362,1.5,7
35.3520977,-80.8488775,5.0,8
33.4217581,-111.9397605,3.5,51
36.1169648,-115.185696,3.5,28
40.4089054911,-79.9156047584,3.5,124
43.8741566908,-79.284408652,2.0,5
40.495483,-80.065652,3.5,34
43.8857053839,-78.9110027544,2.5,5
33.4376759,-112.0396631,1.0,3
36.071411,-115.278723,3.0,63
45.5957128736,-73.5706408078,1.5,7
40.4338771,-79.9227206,1.5,11
36.1362575,-115.1512526,1.0,3
36.2037278561,-115.161166501,5.0,4
45.5080194769,-73.553031702,4.5,31
43.7761459,-79.2576385,1.5,3
45.5441334,-73.5959318,4.5,3
36.1431918,-115.1750346,3.0,4
43.660542,-79.384061,3.5,8
43.6502086,-79.4810962,4.5,8
33.4215957,-111.9534335,5.0,4
36.29022,-115.298312,3.5,3
33.4339003,-111.8683705,4.0,49
42.9712431,-89.5128571,3.0,4
36.1489714944,-115.243650153,4.0,39
35.2263714,-80.7990185,1.0,3
35.0694066,-80.8790714,5.0,3
41.3860516,-81.8542899,4.0,4
33.5825888493,-112.184892712,1.0,6
40.5325079,-79.9680392,4.5,3
40.5050229,-80.2236585,1.5,21
36.0129878,-115.1289686,5.0,8
36.1620931,-115.1579353,4.0,6
33.3787955127,-111.803848743,4.0,22
33.331773,-111.978279,4.0,19
45.503662,-73.5596714,3.5,99
40.4327086,-79.9248669,5.0,4
48.7736894,9.1771058,3.5,20
33.6587324,-112.3456985,2.5,5
35.3099404,-80.750795,3.5,10
33.688217,-111.98029,4.0,7
41.3141174316,-81.5109710693,4.0,4
36.083395,-115.2972898,3.0,55
36.281758,-115.295657,4.5,29
40.4584323,-79.9251247,3.0,54
33.320648,-111.970335,3.5,43
33.6513368,-112.2443628,5.0,3
41.541538,-81.596574,4.5,11
36.1435205,-115.1138343,2.5,3
36.1152921,-115.241327,4.0,44
33.358839,-111.7893175,2.5,37
33.4671841,-111.9086242,4.0,32
36.1643156,-115.1574463,2.5,4
36.238012,-115.061455,4.0,22
45.5155094,-73.571669,4.5,3
41.502424,-81.689321,4.0,8
33.5550051654,-112.2557703,2.0,25
43.666544507,-79.4644761086,3.0,3
33.4963864,-112.2813927,2.5,11
33.4804263,-111.9996671,4.5,50
43.6705059,-79.3871564,3.5,18
45.5396591,-73.6113765,1.5,3
43.7363298,-79.4204091,3.0,7
33.5098033,-111.9968967,2.0,3
35.1416514,-80.7295346,2.5,3
40.3274916,-79.9864348,4.0,3
40.0978463,-88.2778917,3.5,7
36.2330997,-115.2719048,2.0,17
43.6436453,-79.4050644,3.5,22
43.6476876,-79.5106573,4.5,10
36.0180244,-115.1012254,4.5,90
33.595616,-111.840088,5.0,3
40.4406403,-79.9582222,3.5,54
33.3496042,-111.9627431,4.0,16
36.3656399,-115.2244853,5.0,3
40.5913083,-80.2302494,4.5,50
43.6476125,-79.4493999,4.5,3
33.30334,-111.789157,3.5,3
35.220076,-80.8119934,3.5,129
36.0854079715,-115.139156471,4.0,233
36.2330997,-115.2719048,5.0,9
40.4270036,-79.679132,4.0,4
33.4653621,-112.0362827,2.0,3
33.3765345,-111.8778341,3.5,10
35.4175957,-80.6785586,4.0,3
43.7628587,-79.4115097,3.5,10
43.6542445,-79.4229429,4.0,9
43.664294,-79.3684289,4.0,18
45.5076071,-73.564444,4.5,3
33.4838706,-112.0304499,2.5,31
41.3978445,-82.224877,4.0,18
41.4170213984,-82.208032608,4.0,68
35.3301529,-80.7325287,1.5,4
33.4235807,-112.2257752,3.0,15
33.4549602,-112.0871161,3.5,139
43.6871437,-79.398344,1.0,3
33.5225975,-112.064992,4.0,78
48.7666995,9.1478089,5.0,4
45.5370914,-73.6121815,4.0,8
35.1736408,-80.8405565,5.0,4
43.6655559,-79.4743294,4.0,9
40.529764,-80.018555,5.0,4
33.473739,-112.073108,2.5,3
36.0817827,-115.1375795,3.0,69
41.3879960008,-81.7640923662,1.5,3
44.0149845,-79.4146945,3.5,5
41.46421,-81.563535,4.0,4
33.3791713,-112.0661928,3.5,5
43.63962,-79.537538,3.0,10
36.1822443827,-115.260271062,3.0,88
36.3007308372,-115.279718107,4.0,31
36.1241953556,-115.168568306,4.0,8
40.1105875,-88.2072697,3.5,3
33.323027,-111.719632,3.0,4
43.636075156,-79.3872070312,1.5,3
43.7116269,-79.5353298,2.5,5
35.1033096,-80.9869002,2.5,29
33.3634626,-111.875948,3.5,25
55.9511014,-3.187983,2.5,6
43.7408065,-79.4352456,4.5,44
40.4628581,-79.966474,4.0,84
41.460016,-81.953291,2.5,6
33.4965864,-112.1360889,3.5,4
43.0682558,-89.4235939,5.0,5
35.1288764,-80.8357004,1.0,4
55.958687,-3.183417,4.0,4
45.5406882,-73.5907975,4.0,12
40.428121,-79.699172,4.5,7
33.568212,-112.073361,1.5,9
36.2311937,-115.192576,3.5,3
36.1561749486,-115.149555132,4.0,12
40.4434099,-79.9970457,4.0,36
45.5617107,-73.7461832,5.0,3
33.3902569,-111.8449346,5.0,13
33.3928864,-111.9338513,5.0,9
43.9477342049,-79.4543403352,4.5,9
41.4374567,-81.9379449,4.0,18
36.0604291,-115.2642074,5.0,24
33.4961,-111.929344,5.0,3
33.509976,-112.179133,2.5,11
33.6242003693,-112.130450546,3.0,11
36.042599,-115.2241348,2.0,18
33.507619,-112.0388447,5.0,3
33.41526,-111.892229,4.0,3
43.686364,-79.760781,4.0,12
43.6852816,-79.3470898,3.5,3
43.5428029,-79.6917336,4.0,45
33.266587,-111.761537,5.0,19
33.4214628,-111.8835179,4.0,49
33.506654,-112.055894,4.5,5
40.4568156,-79.9293258,3.5,69
43.6856212,-79.7620937,3.5,13
40.4279062791,-79.9652548,3.0,118
45.5030846,-73.636201,1.5,3
41.3135185242,-81.9819717407,3.5,22
40.4657038,-79.9536538,5.0,3
35.501781,-80.84956,3.5,59
33.2192851,-111.8187282,4.0,5
36.083908,-115.187217,1.0,136
43.0600194,-89.5029014,2.5,6
41.5061755,-81.6050167,2.0,4
43.6932721,-79.3426763,4.5,3
43.6518201,-79.4077955,4.0,65
43.687913,-79.762916,4.5,117
40.4508546,-79.9356495,4.5,12
35.116538189,-80.8820725483,4.0,7
36.1587022182,-115.223480836,2.5,5
40.4387315,-80.0066007,4.0,18
33.3046725,-111.9833293,4.0,11
36.082566,-115.2735899,2.0,24
43.653226,-79.3831843,5.0,12
41.503101819,-81.5021390373,2.5,8
33.348,-111.755,1.5,21
40.081839,-88.3084245,3.5,10
45.5060119,-73.5562911,4.5,448
43.7543283,-79.4422593,5.0,3
40.4586607,-79.9318376,3.5,3
36.1220839,-115.1680316,4.0,3
36.1146508125,-115.157593681,3.5,94
43.6095890962,-79.6991401015,4.0,38
43.0570899,-89.5093181,4.5,7
36.0574682,-115.0324992,4.5,67
40.4431445863,-80.0011037908,4.0,1476
33.4942376,-112.3345233,3.5,13
33.5324319,-112.0657157,5.0,7
35.3202223,-80.8875861,4.0,4
41.273555,-81.836258,3.5,3
43.6467658,-79.382534,3.0,12
33.4355285,-112.3438378,4.5,5
40.439869,-80.001223,2.0,10
33.5311918285,-112.064522959,3.5,136
55.8736591,-3.1696611,4.0,4
33.657694,-111.929284784,5.0,15
33.3798264,-111.6800666,2.5,15
43.6148798,-79.4980647,5.0,4
35.2098526,-80.8572526,5.0,4
33.5666371,-112.13097,3.0,3
33.5421376,-112.3158945,5.0,3
33.4527955,-112.0693177,3.5,3
43.6813834,-79.4261177,3.0,4
33.3146263,-111.6080927,5.0,4
33.3628322,-111.9285608,5.0,5
43.7046193075,-79.4921277997,5.0,4
33.5389297,-112.0638277,3.5,222
36.2290559,-115.1017684,1.0,4
41.584509,-81.469509,4.0,3
36.1659883,-115.1672839,5.0,3
33.4885902682,-111.960350202,3.5,316
33.4089187,-111.8519751,5.0,8
41.3206915,-81.7237547,4.0,5
55.9274235,-3.1875638,4.5,12
41.4873369,-81.594175,3.5,20
33.3602328,-111.7901058,3.0,4
48.798592,9.1630227,4.5,16
33.4910955,-112.1465428,3.0,4
43.7076939,-79.3949248,4.0,4
43.8644177876,-79.3830021472,3.0,60
48.7299,9.1147,3.5,19
35.2326000526,-80.8490900695,4.0,45
41.4587143,-82.0166119,2.0,33
43.656333,-79.407487,3.5,386
42.972852,-89.3715843,3.0,7
36.0942057259,-115.213799265,3.5,24
33.6302281,-111.8878353,3.0,104
33.4938459882,-112.171907327,2.5,3
36.1246208,-115.2242625,4.0,4
36.1593680119,-115.278311421,3.5,18
48.8224,9.34813,4.0,8
43.6508087,-79.4762921,2.0,5
42.9256,-89.384996,3.5,22
33.5028371,-111.9294198,3.0,14
35.9844065777,-115.189285881,4.0,4
35.204511,-80.8241074,3.5,163
36.04367,-115.155029,3.5,3
33.43731,-112.0327814,5.0,26
40.441355,-79.994853,2.0,12
43.8053494,-79.4368684,4.0,4
41.3865051,-81.6416944,4.0,40
33.630552,-112.23811,4.0,34
41.520412,-81.529582,4.5,13
33.3804214,-111.6362619,5.0,10
35.069065,-80.844242,3.0,3
33.3252545,-111.9115935,2.0,6
43.642875,-79.4051901,4.5,14
36.2188421,-115.2746347,2.5,57
33.4082046,-111.9134048,2.5,17
43.6653513,-79.4668526,3.5,7
43.6617128956,-79.3811039999,3.5,9
43.1203034,-89.4735381,5.0,4
40.4544265,-80.0010731,3.5,217
40.1028397032,-88.2197973461,3.0,12
45.5154952,-73.5762005,4.0,4
35.371132,-80.722568,3.0,38
35.204085,-80.823804,4.0,13
36.1151023,-115.264808,4.5,9
33.3135539,-111.8412237,4.0,132
33.3348903077,-111.807424853,2.0,25
33.5997996,-111.9869515,2.5,4
43.66337,-79.340819,3.5,5
45.4960365,-73.5757063,4.0,8
43.0852018,-89.301292,1.0,14
36.166558114,-115.285441636,3.5,76
43.6695313,-79.3972168,3.5,98
43.6860198,-79.3105874,3.0,5
43.645378,-79.522303,2.5,4
43.6682035,-79.3076029,4.0,7
33.4498242,-112.0770797,2.0,5
36.047558,-114.973419,4.0,19
36.1613371,-115.2878484,4.5,6
35.135364,-80.9379668,4.5,15
43.6641656,-79.3867054,3.5,14
33.3356191,-111.8770766,2.5,3
33.6104665,-112.1332663,2.5,14
40.441237,-80.003478,3.5,9
41.3731262,-81.7850809,3.0,11
43.2414099,-89.3437115,1.5,4
43.6897475,-79.5858548,2.5,9
33.6407187,-112.3544018,3.0,11
36.1387246809,-115.136444351,3.5,73
43.904438789,-79.2674774246,3.0,43
33.498264,-112.007085,5.0,17
41.397167158,-81.6506751484,3.5,131
33.580029,-111.924066,5.0,4
40.4519715,-79.9836571,4.5,433
33.2812144,-111.7918007,3.0,11
43.6549869,-79.4133298,1.0,3
41.6390022,-81.3735033,1.0,5
36.2830937251,-115.26561331,2.0,5
33.4499672,-112.0702225,5.0,9
36.1004676,-115.1982564,4.5,128
33.4638925,-112.0976411,4.5,7
36.0537029147,-115.038084741,2.5,17
33.5419447877,-112.185995098,5.0,5
33.3182085,-111.9756219,2.5,41
45.5012661,-73.57239,2.0,4
36.1584920322,-115.242745958,4.0,9
43.6528048,-79.3754381,4.0,11
36.2376867,-115.2322379,4.5,7
43.6487641385,-79.3865050958,4.0,27
36.0746348,-115.2126554,2.0,92
36.0376448,-115.0762536,5.0,24
48.6883,9.16919,4.0,17
40.327322,-80.0420148,3.5,6
33.4803447,-111.9242937,3.5,199
33.5108735347,-112.027936578,4.0,129
33.3921692924,-111.681421469,3.5,15
51.2131,11.7683,3.5,3
33.468848,-111.910516,3.5,3
55.9476684,-3.1912144,4.0,6
40.4377489,-79.92187,4.0,50
36.1010309,-115.2243718,3.5,19
36.1085061,-115.0629453,2.0,4
40.324789,-79.944892,2.0,4
36.2352865558,-115.26440712,4.5,11
45.567475,-73.72763,4.0,3
33.4516317,-112.0562586,3.0,7
40.4656962,-79.9653119,5.0,4
43.745822,-79.486617,2.5,3
33.406939,-111.92677,4.5,45
36.1448,-115.201,2.0,22
36.1054159186,-115.150458618,1.5,18
33.3744803,-111.8157135,2.5,5
43.6779089,-79.4440357,4.0,25
40.4245715,-79.8910195,3.0,18
45.4713633,-73.6264238,4.5,32
40.267942,-80.1250156,4.5,5
33.6756727,-111.9791944,3.5,19
35.1465562987,-80.8267944753,3.0,163
43.6549078,-79.3643533,4.0,3
41.1353951,-81.790136,4.0,3
33.5672893,-112.0636376,5.0,3
33.4502032,-112.3519474,3.5,3
55.9518082763,-3.1986609488,3.5,13
43.5593495,-79.657815,4.0,10
41.4999744,-81.6902403,5.0,27
43.638381,-79.5389879,2.5,7
40.4340963,-79.7920245,1.0,8
36.11021,-115.184894,4.5,68
41.4106123,-81.838659,3.0,5
41.1576743,-81.508732,1.0,3
33.5763027,-112.2405657,5.0,9
36.2396982,-115.23255,4.0,3
33.2236687,-111.8210866,4.5,16
33.4481059352,-112.341302074,2.5,37
33.6377085395,-112.229440065,3.0,99
40.361029,-79.771281,3.5,45
44.0084376,-79.4697162,5.0,3
43.659467,-79.3482052,2.0,3
40.4890759296,-79.8915405518,4.0,6
41.499553,-81.701018,4.0,46
33.3786687,-111.8734071,5.0,3
36.1219863,-115.2977576,4.5,40
41.4007197,-81.7108794,5.0,3
33.4148837,-111.9169665,4.0,104
35.445984,-80.866867,5.0,3
35.0073697,-80.9450759,4.0,4
43.6888585,-79.3947123,3.0,34
33.5651587,-112.1370601,3.5,3
43.584239,-79.6535162,5.0,4
41.5251482,-81.3609353,3.5,3
48.7871,9.1922,4.5,3
41.7017770371,-81.3772897795,5.0,13
40.426818123,-79.7965550167,2.5,3
48.7747005,9.1787802,5.0,5
43.1097684,-89.3338139,5.0,10
43.7866979304,-79.4685595724,3.0,47
33.5536652,-112.1499842,5.0,3
33.3487896701,-111.963597136,1.5,15
43.5890310385,-79.6431703228,4.5,60
33.6513368,-112.2443628,4.0,5
36.110888,-115.17217,4.0,82
43.0734921,-89.3851805,4.5,9
33.423379,-111.959211,5.0,6
55.9422659,-3.2029197,3.0,13
45.8918264,-74.1536574,3.5,9
55.9581557804,-3.1847584248,4.0,43
33.423458,-112.2286125,3.0,6
41.5096255623,-81.6036250122,4.5,90
35.076596,-80.672755,4.0,4
33.5416266,-112.0621471,4.5,12
33.459515,-112.073441,3.0,28
36.2623933,-115.1714671,4.0,27
33.57965,-112.013479,4.5,13
43.6349629,-79.4126855,3.0,20
33.5194707,-112.2204806,3.0,61
43.8359986,-79.0863992,4.0,4
33.3574302,-111.7895164,4.0,21
36.1683449,-115.2659777,5.0,6
45.470953,-73.6089453,1.0,3
43.665478014,-79.4090728046,3.5,48
45.5216845682,-73.6076005153,2.5,5
43.6887554,-79.3260639,4.0,17
39.7909009,-88.2715156,2.0,5
36.1678611,-115.0406679,5.0,6
33.6417771,-111.9055968,4.5,15
43.654386,-79.391016,4.0,55
41.4565019998,-81.5647738618,2.5,15
43.7821596,-79.4904296,4.0,4
35.2270869,-80.8431267,3.0,7
36.1267512,-115.1977733,3.0,50
35.4868032,-80.8600736,3.0,5
43.6500854492,-79.3635177612,4.0,6
41.49889,-81.698318,4.0,10
33.302441,-111.8431348,4.0,9
33.509966,-112.342088,4.0,45
44.053296,-79.458822,4.0,4
33.3575985,-112.1622496,2.0,4
43.6656961,-79.4911716,4.5,8
45.5060149,-73.8186664,3.5,3
33.4576538195,-112.302675247,4.0,21
41.2400145,-81.3487537,3.0,3
33.496085,-111.9276134,3.0,50
33.6629442,-112.0182329,5.0,4
55.9536826,-3.1160357,4.0,7
33.4247481,-111.8397398,2.5,3
35.3847668,-80.7858437,4.0,23
35.0314153,-80.8508287,3.5,3
33.7657096,-111.9827124,2.5,4
43.6529859,-79.3989901,3.5,70
33.449188,-112.0772,3.5,3
36.0633189,-115.0525302,2.0,11
36.0647560552,-115.250777006,3.5,102
41.465171,-81.842119,4.0,14
36.0131441,-114.9925851,3.5,76
36.132771,-115.085169,3.0,48
43.7550609,-79.4407818,3.0,83
36.124587,-115.171615,2.0,60
43.44932,-79.760891,4.0,4
43.6634065,-79.4185575,2.5,5
36.2867904,-115.1794252,4.5,7
43.0722981867,-89.4523326124,4.5,14
45.5138306,-73.5626163,4.5,5
41.4999638919,-81.7066251487,3.5,21
41.5868306,-81.4389711,3.5,5
33.3364432,-111.8226311,5.0,21
36.2880006,-115.328569,5.0,4
43.0749931,-89.3811037,3.0,16
41.345532136,-82.0666991368,3.0,4
57.480764,-4.1818776,3.0,11
41.4824611,-81.8292522,5.0,9
35.4147986,-80.6682383,4.0,4
45.5475806,-73.5752069,4.5,3
36.046123,-115.0755514,3.5,9
33.4945225,-112.1165599,1.0,4
36.1014914,-115.2054234,3.0,41
33.4881545,-112.0304886,3.5,5
33.4360502,-111.994973,5.0,12
36.071798,-115.0881364,4.5,22
33.5402154,-112.0570712,2.5,20
43.6457971,-79.4104346,5.0,3
41.366523,-81.852838,4.5,7
33.3785465,-111.7950219,3.0,48
48.7748,9.1769,4.5,3
36.144159,-115.2361849,4.5,14
43.200682,-89.231119,3.0,4
40.480844,-79.954475,2.5,4
43.6590515335,-79.3969262729,2.5,13
43.643452,-79.4234321,4.5,15
33.395093,-112.072956,2.5,3
40.515435,-80.1600526,3.5,3
48.8049,9.21407,5.0,5
36.0927566,-115.2033846,1.5,10
36.243284399,-115.23521817,5.0,13
35.9992,-115.1247186,4.5,13
40.455893,-79.9373422,2.5,25
33.655268,-112.040963,3.0,3
33.4506993,-112.3472465,5.0,3
43.7516731,-79.5442756,4.0,35
33.664516,-112.2026347,5.0,19
40.4758948,-80.0968146,3.5,3
40.3398124,-79.9654559,3.5,81
40.4072651,-79.9101652,4.0,100
45.5163681,-73.5603046,4.0,3
36.1357941,-115.1808544,5.0,7
43.6718923,-79.4221511,2.0,3
35.1949405,-80.8257343,4.5,22
33.432014,-111.874044,3.5,11
35.952556,-115.0228736,5.0,9
33.640641,-112.0445698,2.0,3
41.501638,-81.537237,3.0,5
43.0523314,-89.4839406,4.0,47
45.5220095,-73.5845124,4.0,4
41.4986745,-81.6883321,4.0,15
55.9411323459,-3.2034150517,4.5,43
33.413818,-111.913586,5.0,15
33.4148757,-111.9160992,2.5,5
36.1761384,-115.2765055,5.0,4
48.82461,9.06866,3.0,3
41.4968972,-81.5649732,4.5,52
33.32604,-111.6871338,4.0,4
45.3490029,-73.2916544,4.0,4
35.214165,-80.826742,3.0,128
33.5805955,-112.2373779,4.5,18
40.4542333,-79.9474223,3.5,44
36.1210904,-115.1515464,4.5,82
41.3139142,-81.5161624,4.5,3
45.4769718,-73.4510727,3.0,7
33.635664,-112.228311,3.0,6
36.1128590107,-115.163413541,4.0,12
36.1229755,-115.2090921,2.5,7
43.0833196,-89.3724769,5.0,4
40.340353,-79.950538,3.5,3
36.118699,-115.186442,2.0,4
40.6372548737,-80.0634463756,3.5,88
43.7726587706,-79.4796842337,3.0,7
43.0745593,-89.3893857,3.5,8
36.1161037,-115.1452694,5.0,3
35.189003,-80.89231,3.0,25
33.446572,-111.977677,3.5,16
43.8213259247,-79.3497120962,2.5,13
43.6460095,-79.4091212,3.0,71
43.1108857,-89.5206673,4.0,6
41.417363,-81.9167129,3.0,4
36.1046561,-115.1510031,3.5,13
33.4639683,-112.3605015,2.5,3
45.5234414,-73.6058848,4.5,7
40.441548,-79.885623,5.0,3
48.7128,9.30113,5.0,3
33.6356864,-112.2221017,4.0,7
36.126457993,-115.169923827,3.5,3
43.6879636428,-79.3955648306,3.0,5
43.7732699,-79.4140949,3.5,8
33.5866310758,-111.594563666,5.0,3
33.321672,-111.984968,3.5,5
43.7203441,-79.5110167,2.0,5
36.0561999,-115.242314,2.0,42
36.1590564,-115.2155754,2.5,9
45.5313819,-73.6431597,4.0,6
40.4268042,-80.0551196,3.0,22
36.0607732195,-115.241909942,3.0,8
45.4555017,-73.5763645,4.0,6
48.77316,9.18346,4.0,34
33.371986,-111.9634558,4.5,9
43.7229786663,-79.2358016968,5.0,3
43.7256702,-79.452168,4.0,5
36.052392,-115.1690207,4.0,4
36.130313,-115.274574,4.0,90
33.4947832,-112.1716493,2.5,7
33.4697378,-112.0651344,4.5,3
33.831632,-111.959603,5.0,7
33.5107015,-111.9863975,5.0,4
43.6630806,-79.3316179,4.5,3
43.6531868,-79.4667844,2.5,3
45.494719,-73.651871,3.5,26
43.6584801,-79.3814802,3.0,40
43.6417069,-79.4312362,4.0,26
43.7739488,-79.6081885,2.0,4
43.6467114104,-79.4196724864,4.0,11
34.9659086802,-80.852894783,5.0,13
43.6438671,-79.4020747,2.5,33
43.6464648,-79.3949909,4.5,3
40.5183057,-80.1627976,4.0,3
33.5511935,-112.0569907,3.0,52
48.7772155,9.17748,3.5,4
33.3091946,-111.8210866,5.0,8
40.4401919458,-80.000077039,4.5,116
33.383123,-111.964485,3.0,11
40.326241,-79.719999,2.5,29
43.6486362,-79.3817439,4.5,7
36.0188890962,-115.263562032,3.5,36
43.0448,-89.393933,3.5,4
33.5243639,-111.8985922,2.0,10
43.8150237,-79.5517025,4.0,3
43.6644752153,-79.4132103771,5.0,3
43.8754658,-79.2597961,2.5,15
45.5329897,-73.6271729,4.5,16
33.440697,-112.3378312,5.0,3
42.916485,-89.218903,3.5,25
41.4248761,-81.4451836,4.0,6
40.4592603,-79.931445,5.0,115
55.9395044127,-3.1916635325,4.5,16
33.5743912,-112.0585543,4.5,11
33.3323802,-111.9120878,5.0,8
33.5794063,-112.0125304,5.0,6
33.481476,-111.935066,3.5,5
41.1587785,-81.4892232,4.0,16
43.615992,-79.6405114,2.5,15
53.2012587,-2.8867931,3.5,3
43.6450528,-79.5327837,3.5,12
43.6362552034,-79.6233802289,4.0,108
33.4079057,-112.0474756,4.5,3
43.6466953,-79.4061299,4.5,5
41.336413,-81.760139,5.0,3
40.434399,-79.9229828,4.0,53
36.1988542,-115.2659777,5.0,3
44.0563384,-79.4758947,4.5,43
41.4604976746,-82.048171959,3.5,3
43.6692568,-79.3383477,3.0,4
33.6111738406,-112.154025727,5.0,5
43.623158,-79.4826424,3.0,7
45.4963914,-73.5814264,3.5,89
36.1238873,-115.1701924,4.5,29
43.4340433,-79.7025216,3.0,5
33.3500187,-111.9299298,3.5,6
33.5092857,-112.0736803,2.5,3
43.6287647,-79.5075218,3.5,3
33.503581,-111.929699,3.0,49
33.629192,-111.889479,4.5,17
40.4553023,-79.9436172,3.0,37
33.6396655,-112.006438,2.5,3
41.5415388,-81.5990378,3.5,32
45.5891369,-73.6355805,2.0,5
36.101444,-115.280312,4.5,45
36.1029162,-115.1697555,4.0,235
33.3047031,-111.9448676,3.0,18
43.702525,-79.4771997,4.0,6
33.471959,-112.0478514,4.0,15
43.7102481,-79.8158697,2.5,7
43.6760747,-79.3585801,2.5,5
33.571057,-112.0805523,4.5,3
33.4471599,-112.356284,3.5,3
40.4634462,-79.7069088,4.0,6
43.0753917,-89.3989853,5.0,4
45.5071615,-73.5524332,2.5,11
40.4504367,-79.9852163,4.0,20
35.202137,-80.781657,4.5,54
40.0816961,-88.2633957,4.5,13
36.1004135,-115.1851022,2.0,48
35.0442,-80.8649559,4.5,3
41.4335801,-81.8023272,4.0,39
33.6943219,-112.1005659,5.0,3
43.6619012,-79.369075,4.0,22
33.5254493,-112.0474857,5.0,6
40.5247844,-80.2155004,3.5,3
35.1220911341,-80.9160942788,3.5,3
43.8627966964,-79.4853033657,2.5,3
55.8795771209,-3.5205976706,3.5,5
33.4950313,-112.1077283,3.0,16
41.2242702,-81.4403934,2.0,12
43.5441155355,-79.6806836128,3.0,46
36.1441525,-115.2069549,4.0,17
33.23901,-111.712395,5.0,6
48.7135,9.29424,4.0,5
40.4066271,-80.0285108,4.5,13
43.5546132,-79.7123172,4.5,5
43.8745964197,-79.259069903,2.0,6
40.6625477,-79.9323906,1.0,4
41.1512104,-81.863296,3.5,3
36.1438535,-115.1270946,1.5,11
35.1030414213,-80.9829296439,2.0,8
43.6579883,-79.4437484,3.5,3
45.5441292,-73.6279625,4.5,3
33.5088053,-111.9252515,3.0,49
33.6190489,-111.8768152,4.0,58
43.7341939583,-79.4043738395,4.5,16
35.0536635,-80.8468921,2.5,14
40.445051,-79.956439,4.5,17
33.5448849,-112.1686684,2.5,3
55.9530552434,-3.1917770248,3.5,19
43.6370107,-79.4253042,2.0,16
40.4504732,-80.1388555,3.5,8
40.2718687,-80.1240161,5.0,5
43.644737,-79.3980594,2.0,4
36.0954628,-115.1758039,4.5,482
33.3049279,-111.950692,4.0,26
48.7844706,9.1813066,4.0,13
43.7826208,-79.234997,4.0,57
45.5000012,-73.5759399,3.0,23
35.2314364167,-80.8313432336,3.5,22
33.3406452,-111.9701824,3.5,494
43.653226,-79.3831843,2.0,3
45.4866797,-73.5694707,4.5,44
40.3872582,-79.8246723,2.5,16
45.5178101,-73.5573126,5.0,3
33.3785897,-111.9317328,4.0,5
33.6398517,-112.2167792,3.5,19
40.4428659,-79.8827528,4.5,10
35.24522,-80.884216,4.0,22
43.6866714,-79.7589291,3.5,7
36.1586622,-115.2057344,4.0,9
36.1147878496,-115.201052168,4.0,7
57.479105,-4.2207545,4.0,5
41.4156025,-81.9234726,3.5,3
43.6117004,-79.5835894,3.0,3
45.4885747,-73.8757299,4.5,12
33.6549271513,-111.981296303,3.0,5
43.6493125,-79.3738635,4.0,4
48.8164152,9.1765732,4.0,31
36.0147008,-114.947745,5.0,3
36.062651,-115.1660286,2.5,54
33.612382,-111.9790542,3.0,23
35.0989998663,-80.9889985178,4.0,4
43.6601364,-79.6002607,3.0,3
33.4796343,-112.0133836,4.5,11
55.9433083,-3.0480839,3.5,3
35.096526,-80.783798,3.0,17
43.6408048,-79.3546273,2.5,12
36.1651986582,-115.128465031,2.5,3
43.6498398,-79.3905094,2.0,7
35.4047999,-80.8407594,5.0,6
33.6437877,-112.186743,5.0,3
35.246403,-80.806468,4.0,3
45.560412,-73.538659,1.5,6
33.6099946,-111.9266533,4.0,274
36.1440082,-115.1589443,5.0,4
33.4366655,-111.9403254,2.0,4
36.1589927703,-115.211268666,3.5,5
36.1466057,-115.3039202,4.0,18
33.4902238,-111.9201683,4.5,3
36.072359,-114.953088,5.0,3
36.1450448,-115.2048958,5.0,3
33.414983,-111.904122,2.0,9
45.496191,-73.5791293,3.0,6
45.5649094,-73.7340542,4.5,4
43.6999143353,-79.7989779993,3.5,9
45.5114977,-73.5762163,4.5,3
40.4278376,-80.0522112,5.0,95
33.4155587,-111.7438394,5.0,12
36.175,-115.136389,1.0,3
43.0649199,-89.5247248,3.0,6
43.8316604,-79.265571,4.0,59
43.812218,-79.243907,3.0,8
33.515245945,-112.151925743,5.0,9
40.1172058,-88.207547,4.5,8
45.4964196,-73.5799873,2.0,3
41.4985554,-81.4943391,3.5,6
43.6888245,-79.2999797,4.0,41
33.5230385,-112.100054,4.0,16
35.3030029,-80.7476035,4.0,4
36.2266667168,-115.081340857,4.5,6
36.172239,-115.2237557,3.5,7
33.6422835,-112.1876458,5.0,3
48.8177249,9.2726769,4.0,4
43.6651953,-79.3849242,3.5,75
43.6903678,-79.2931193,3.5,3
40.3897325,-80.0408986,3.0,138
43.6958083,-79.6307994,3.0,3
41.4708527,-82.0166108,3.5,3
35.9706292,-115.3074646,5.0,9
33.5819863,-112.1702048,2.5,5
43.6230463,-79.6532644,1.0,3
44.0565262,-79.4295366,4.0,4
45.509879,-73.552582,4.0,37
33.5033652,-112.0738665,4.5,3
36.1725319,-115.197258,3.5,6
36.1011613,-115.0771532,3.0,9
33.6542583,-112.1124178,1.5,8
36.1875991821,-115.225311279,4.0,4
43.785618335,-79.4760492185,2.0,37
41.4178028,-82.1336521,5.0,3
36.202641,-115.110998,1.5,3
43.6709384,-79.2962045,4.0,25
43.6655087,-79.4652663,2.5,5
43.4634121,-79.6743452,3.5,24
33.3073768,-111.7435799,5.0,4
33.5025941,-111.9296765,3.0,46
33.445974,-111.8032005,1.5,8
43.722994,-79.4980982,3.5,7
33.381279,-111.724168,3.0,4
36.128561,-115.1711298,5.0,12
43.8667454,-79.2881011,2.0,8
55.9457445,-3.210137,4.0,8
45.5211382474,-73.6145463779,4.5,13
43.6481529,-79.3778365,4.0,39
43.6485043151,-79.3720563373,4.0,12
43.6657645292,-79.407607913,3.5,41
43.7054178509,-79.3452634582,2.5,5
40.501548,-80.069024,5.0,6
35.1171322,-80.8245033,5.0,10
40.4426643755,-79.9456820676,4.0,6
33.4763414896,-112.223861217,3.0,8
43.6514026,-79.4751254,4.0,16
55.9497451782,-3.2099599838,3.5,6
43.6777524,-79.3508172,4.5,3
43.6432252,-79.3920129,4.0,15
40.590541,-80.2299863,2.5,3
36.164338,-115.1470641,2.0,3
36.1720776,-115.1468298,3.0,3
36.1688151,-115.2057806,2.5,3
36.1182919,-115.170409,3.5,117
43.822123,-79.504007,4.5,10
41.31901,-81.835299,5.0,6
35.22579,-80.946752,3.5,51
33.6426743,-112.251547,3.0,10
41.4360816,-81.6976961,4.0,26
41.3615301,-81.6880185,3.5,5
43.658915,-79.381889,3.0,32
36.1670439,-115.0801061,4.5,4
33.2878793,-111.8869815,4.5,41
33.5294999,-112.1740916,2.0,63
33.868939,-112.142841,2.5,12
48.7787389415,9.1775391581,3.0,25
33.460188,-112.240233,2.5,7
33.5100997,-112.2671688,2.0,33
33.4968244,-112.0832363,3.0,24
33.6281402,-111.8913431,5.0,6
48.7728124,9.1699006,4.5,3
43.0113344,-89.3031296,3.5,22
43.8186103,-79.3569048,4.5,8
36.1424304,-115.1716848,1.5,10
40.4567578,-79.940575,2.0,6
33.6403198242,-112.0210495,4.0,109
43.6279957096,-79.6262052484,3.0,7
33.536641,-112.184947,2.0,14
43.7070219,-79.3960454,1.0,3
36.1136055,-115.1408581,2.5,30
43.8489895,-79.4599734,3.5,49
36.098909,-115.175557,1.5,50
55.9764132,-3.1707286,3.0,3
33.4948373,-112.0409387,3.0,6
33.4986286,-111.9224398,3.5,3
43.624516,-79.5115596,3.5,28
36.021284,-115.126814,3.5,3
55.9373243,-3.2175106,4.0,11
43.6672279,-79.3789748,2.0,3
45.5198862,-73.6091691,3.5,72
35.343136,-80.766572,3.0,4
41.418946,-81.709437,5.0,3
40.5091439,-79.9463248,4.5,9
40.3916705755,-80.0599204134,3.0,34
33.480111,-111.929145,5.0,33
45.510304,-73.661636,3.5,3
33.4928443,-111.925889,2.5,13
42.9998069,-89.555325,2.5,3
35.4940939,-80.860486,3.5,15
33.589051,-112.102853,5.0,3
48.8623,9.18155,4.0,8
40.4395092,-79.9573648,3.5,15
41.654962,-81.373165,3.5,3
40.4562032,-80.0144357,4.0,24
43.7778782,-79.3446538,4.0,34
43.6460848,-79.4090059,4.0,34
36.122859,-115.184617,4.5,35
41.4651946,-81.5627628,2.5,10
43.6541241,-79.4143626,3.5,3
36.1141386564,-115.260330876,3.0,4
33.3781832,-111.6330182,2.5,8
40.3199546,-79.9533942,4.5,3
43.6176603,-79.5396448,4.0,8
33.392554,-111.934685,3.0,43
33.2610829,-111.7564802,4.5,10
41.2394104,-81.3499638,3.0,3
33.5199416,-112.1606783,5.0,3
36.1272241,-115.1715512,3.0,5
36.0989733676,-115.295569742,3.0,31
45.5329926,-73.6104454,1.5,4
36.0976137205,-115.224373461,5.0,28
33.4876063,-111.9111779,5.0,3
33.61072,-112.1697419,1.0,3
36.12401,-115.170364,3.5,66
41.4324566,-81.3918087,2.0,4
41.5088548,-81.598009,4.0,133
43.6705605,-79.2968727,2.5,39
36.2099465711,-115.280201174,4.0,4
43.7045231,-79.7861322,4.0,22
43.6445122,-79.4003621,4.0,356
33.3211613,-111.689778,1.5,28
33.3492796,-111.7572212,5.0,3
33.5512936,-112.1169942,4.5,26
33.482403,-112.029858,2.0,4
33.3197552956,-111.842476768,3.0,13
41.4178643,-81.7622188,4.5,3
43.6796452,-79.3903194,3.5,9
43.7479558,-79.3852884,3.5,3
33.3784897,-111.8066158,3.0,5
36.0751178676,-115.449829102,4.5,75
43.0753453,-89.4660929,4.5,6
33.3359104,-111.9080449,4.0,560
36.112384,-115.059692,1.0,3
43.8315451841,-79.4052598899,4.0,9
35.2253589804,-80.8402246307,3.5,136
43.7657944,-79.6598268,4.5,5
33.3260297,-111.8747445,3.0,8
45.501448,-73.577401,4.0,45
33.713725,-112.277033,3.5,7
43.7317132,-79.4039303,4.0,33
33.3805696,-111.7888113,3.0,37
33.4144333,-111.9067794,5.0,6
43.6567063,-79.4030948,4.0,3
43.7256947579,-79.4526908141,3.0,3
35.2279240013,-80.8423282889,4.5,15
36.1525048165,-115.151978071,4.0,198
33.5195888736,-112.082063679,5.0,5
36.1141600856,-115.171438923,4.5,47
55.9539738926,-3.1159165818,5.0,5
54.2768554688,-0.4129599929,4.0,4
43.65459,-79.38049,3.0,49
41.1362185,-81.4828198,5.0,3
43.0674711,-89.4069273,3.5,8
33.307161,-111.6689463,3.5,10
33.5834271,-112.0131047,3.0,26
43.5920953729,-79.6678679691,3.5,23
41.255195,-81.841737,4.5,3
40.1104207856,-88.2297450105,3.0,21
43.7944532,-79.5127419,5.0,4
40.3486124,-79.9481085,3.0,32
35.0682944,-80.6803335,4.0,4
48.7739,9.16449,3.5,4
33.4209522,-111.849151,3.5,17
45.5149438,-73.5653359,4.0,20
33.4083387,-111.857472,1.5,12
35.1389319585,-80.934047699,2.5,11
33.4164419,-111.8345024,5.0,9
33.2671883,-111.6973347,5.0,10
43.7730113,-79.2821744,3.0,92
41.2368626,-81.8929545,3.5,3
33.4526751,-111.7895613,5.0,3
40.4503311,-79.9855951,3.5,18
